,slide,features,patches
0,250D92C9-5F64-4FA7-8107-9B9173C80F2D,/home/p163v/histopathology/UKHD_Neuro/RetCLL_Features/250D92C9-5F64-4FA7-8107-9B9173C80F2D.h5,9347
1,EE0BED2C-5FBD-48B3-807E-58B4DC384CA8,/home/p163v/histopathology/UKHD_Neuro/RetCLL_Features/EE0BED2C-5FBD-48B3-807E-58B4DC384CA8.h5,262
2,F78D1733-7A22-4D2D-BF0B-9B21D420272F,/home/p163v/histopathology/UKHD_Neuro/RetCLL_Features/F78D1733-7A22-4D2D-BF0B-9B21D420272F.h5,7725
3,CE32F0D2-1C91-4FA1-B90F-31619F49612D,/home/p163v/histopathology/UKHD_Neuro/RetCLL_Features/CE32F0D2-1C91-4FA1-B90F-31619F49612D.h5,340
4,67931CF0-0067-4E0C-8EAA-A5CE151326CC,/home/p163v/histopathology/UKHD_Neuro/RetCLL_Features/67931CF0-0067-4E0C-8EAA-A5CE151326CC.h5,1864
5,6B3185E7-21D7-4CD1-A43F-186511F75A59,/home/p163v/histopathology/UKHD_Neuro/RetCLL_Features/6B3185E7-21D7-4CD1-A43F-186511F75A59.h5,153
6,3A523274-4633-4D6E-95C9-6754E3097005,/home/p163v/histopathology/UKHD_Neuro/RetCLL_Features/3A523274-4633-4D6E-95C9-6754E3097005.h5,3755
7,56803783-4B9C-4342-8CFD-03885ECF49FA,/home/p163v/histopathology/UKHD_Neuro/RetCLL_Features/56803783-4B9C-4342-8CFD-03885ECF49FA.h5,5275
8,46B25591-21D4-499F-BD13-205A0794ECA0,/home/p163v/histopathology/UKHD_Neuro/RetCLL_Features/46B25591-21D4-499F-BD13-205A0794ECA0.h5,4000
9,14CAF1AC-A87D-46FC-8A9E-78A3D1C6328D,/home/p163v/histopathology/UKHD_Neuro/RetCLL_Features/14CAF1AC-A87D-46FC-8A9E-78A3D1C6328D.h5,114
10,BA4F9AE3-CAB2-4567-8211-330406BEFBF8,/home/p163v/histopathology/UKHD_Neuro/RetCLL_Features/BA4F9AE3-CAB2-4567-8211-330406BEFBF8.h5,8829
11,01097E3B-23DA-4E8F-BF39-9590D75A8C96,/home/p163v/histopathology/UKHD_Neuro/RetCLL_Features/01097E3B-23DA-4E8F-BF39-9590D75A8C96.h5,4569
12,E7E9C8B1-6F25-428E-9379-E375AE01F218,/home/p163v/histopathology/UKHD_Neuro/RetCLL_Features/E7E9C8B1-6F25-428E-9379-E375AE01F218.h5,3676
13,9423434F-BCC9-4FD2-901C-EE57A11BA4C5,/home/p163v/histopathology/UKHD_Neuro/RetCLL_Features/9423434F-BCC9-4FD2-901C-EE57A11BA4C5.h5,324
14,7551DBF0-E695-410F-8D10-5C80CF55982C,/home/p163v/histopathology/UKHD_Neuro/RetCLL_Features/7551DBF0-E695-410F-8D10-5C80CF55982C.h5,3889
15,4060CD3E-88D8-4634-8CF8-C4B13F5BA936,/home/p163v/histopathology/UKHD_Neuro/RetCLL_Features/4060CD3E-88D8-4634-8CF8-C4B13F5BA936.h5,1343
16,FFA7147E-F1E8-45A9-8D28-8A6116F21EA8,/home/p163v/histopathology/UKHD_Neuro/RetCLL_Features/FFA7147E-F1E8-45A9-8D28-8A6116F21EA8.h5,1110
17,96E85133-A4BF-4767-8365-4384D125E441,/home/p163v/histopathology/UKHD_Neuro/RetCLL_Features/96E85133-A4BF-4767-8365-4384D125E441.h5,7832
18,97785B4B-D705-403C-9E02-E1401E7655EC,/home/p163v/histopathology/UKHD_Neuro/RetCLL_Features/97785B4B-D705-403C-9E02-E1401E7655EC.h5,13134
19,9573D8AA-F80C-4DC0-97E7-C5873A95FB38,/home/p163v/histopathology/UKHD_Neuro/RetCLL_Features/9573D8AA-F80C-4DC0-97E7-C5873A95FB38.h5,751
20,F11B6760-5727-4AAE-890A-B254B67BF726,/home/p163v/histopathology/UKHD_Neuro/RetCLL_Features/F11B6760-5727-4AAE-890A-B254B67BF726.h5,1629
21,5581AEAE-434D-41FF-8173-2D0616FE9399,/home/p163v/histopathology/UKHD_Neuro/RetCLL_Features/5581AEAE-434D-41FF-8173-2D0616FE9399.h5,6461
22,F1C09779-37C3-420E-86EA-6998A0CAE35D,/home/p163v/histopathology/UKHD_Neuro/RetCLL_Features/F1C09779-37C3-420E-86EA-6998A0CAE35D.h5,1227
23,E07B1599-972D-4377-8B7C-53F87D1DBE9B,/home/p163v/histopathology/UKHD_Neuro/RetCLL_Features/E07B1599-972D-4377-8B7C-53F87D1DBE9B.h5,8525
24,2A3DBE58-E967-4483-A141-D42F36065866,/home/p163v/histopathology/UKHD_Neuro/RetCLL_Features/2A3DBE58-E967-4483-A141-D42F36065866.h5,866
25,5DCDD76A-6A11-4219-990B-3047F516839C,/home/p163v/histopathology/UKHD_Neuro/RetCLL_Features/5DCDD76A-6A11-4219-990B-3047F516839C.h5,5293
26,5621650C-AB60-4998-A784-7B3B4A8413B0,/home/p163v/histopathology/UKHD_Neuro/RetCLL_Features/5621650C-AB60-4998-A784-7B3B4A8413B0.h5,2221
27,E1642E64-244F-49A5-BD5F-5FD9930FB6C7,/home/p163v/histopathology/UKHD_Neuro/RetCLL_Features/E1642E64-244F-49A5-BD5F-5FD9930FB6C7.h5,691
28,6DD4BDC0-D217-4509-9BBB-1B10EF0E8AFF,/home/p163v/histopathology/UKHD_Neuro/RetCLL_Features/6DD4BDC0-D217-4509-9BBB-1B10EF0E8AFF.h5,1142
29,DA98C0FE-4756-41F1-8E6C-3A99FCFA3BE0,/home/p163v/histopathology/UKHD_Neuro/RetCLL_Features/DA98C0FE-4756-41F1-8E6C-3A99FCFA3BE0.h5,253
30,8E19D5D0-128B-489C-9FA9-B0707112EBCB,/home/p163v/histopathology/UKHD_Neuro/RetCLL_Features/8E19D5D0-128B-489C-9FA9-B0707112EBCB.h5,199
31,AF5962BD-287E-418B-A3F3-834C9E3CC49D,/home/p163v/histopathology/UKHD_Neuro/RetCLL_Features/AF5962BD-287E-418B-A3F3-834C9E3CC49D.h5,2307
32,0B4C46F1-E5F2-4DE9-97DD-5BBA735B3773,/home/p163v/histopathology/UKHD_Neuro/RetCLL_Features/0B4C46F1-E5F2-4DE9-97DD-5BBA735B3773.h5,1493
33,E6F0254E-98AE-4305-A6DF-BAA0993DCA7D,/home/p163v/histopathology/UKHD_Neuro/RetCLL_Features/E6F0254E-98AE-4305-A6DF-BAA0993DCA7D.h5,2679
34,0C45E74C-4A08-45A4-B544-84B1D96FC43B,/home/p163v/histopathology/UKHD_Neuro/RetCLL_Features/0C45E74C-4A08-45A4-B544-84B1D96FC43B.h5,5073
35,05CE6BF4-7E8A-4215-844E-49F02A5AFDAD,/home/p163v/histopathology/UKHD_Neuro/RetCLL_Features/05CE6BF4-7E8A-4215-844E-49F02A5AFDAD.h5,3238
36,AB3B75FC-2D8A-432F-80BD-12A739C387CC,/home/p163v/histopathology/UKHD_Neuro/RetCLL_Features/AB3B75FC-2D8A-432F-80BD-12A739C387CC.h5,89
37,0B6554CC-2522-4270-87C4-94878286C337,/home/p163v/histopathology/UKHD_Neuro/RetCLL_Features/0B6554CC-2522-4270-87C4-94878286C337.h5,2097
38,7505AFE0-F224-4E08-ACF4-118CFC92A479,/home/p163v/histopathology/UKHD_Neuro/RetCLL_Features/7505AFE0-F224-4E08-ACF4-118CFC92A479.h5,1687
39,20E5A649-B4CD-468F-B15C-7361C933EEA7,/home/p163v/histopathology/UKHD_Neuro/RetCLL_Features/20E5A649-B4CD-468F-B15C-7361C933EEA7.h5,5088
40,C4C66643-2631-4F13-9EE2-7F6B6960BE1A,/home/p163v/histopathology/UKHD_Neuro/RetCLL_Features/C4C66643-2631-4F13-9EE2-7F6B6960BE1A.h5,703
41,D8F33B78-C4AC-442F-A936-913263D29785,/home/p163v/histopathology/UKHD_Neuro/RetCLL_Features/D8F33B78-C4AC-442F-A936-913263D29785.h5,11127
42,CCECAED3-4030-494D-8B8C-6716C70A0802,/home/p163v/histopathology/UKHD_Neuro/RetCLL_Features/CCECAED3-4030-494D-8B8C-6716C70A0802.h5,1
43,67C0E424-7FB8-4224-B91D-6BDDCFD4AB2F,/home/p163v/histopathology/UKHD_Neuro/RetCLL_Features/67C0E424-7FB8-4224-B91D-6BDDCFD4AB2F.h5,11278
44,B4E53176-3D4C-4195-B20D-AD2D71E667A5,/home/p163v/histopathology/UKHD_Neuro/RetCLL_Features/B4E53176-3D4C-4195-B20D-AD2D71E667A5.h5,6469
45,DD63C0D1-AE3A-4E5D-9A30-A1DF063AB5D1,/home/p163v/histopathology/UKHD_Neuro/RetCLL_Features/DD63C0D1-AE3A-4E5D-9A30-A1DF063AB5D1.h5,3777
46,38149E74-5E2D-443E-986F-A03CADD55813,/home/p163v/histopathology/UKHD_Neuro/RetCLL_Features/38149E74-5E2D-443E-986F-A03CADD55813.h5,9340
47,90A8E7CD-0EF6-4149-9BAC-A4878728B39C,/home/p163v/histopathology/UKHD_Neuro/RetCLL_Features/90A8E7CD-0EF6-4149-9BAC-A4878728B39C.h5,5304
48,715CC2D6-5010-4E65-B32A-63D280008384,/home/p163v/histopathology/UKHD_Neuro/RetCLL_Features/715CC2D6-5010-4E65-B32A-63D280008384.h5,456
49,1C6C278B-61EE-4EF9-ACDB-9906AE26487A,/home/p163v/histopathology/UKHD_Neuro/RetCLL_Features/1C6C278B-61EE-4EF9-ACDB-9906AE26487A.h5,1691
50,9DC3C9D0-3C9B-4130-B5CA-01F028C961AC,/home/p163v/histopathology/UKHD_Neuro/RetCLL_Features/9DC3C9D0-3C9B-4130-B5CA-01F028C961AC.h5,6395
51,FA355355-11C3-488E-B20A-531C5223D67A,/home/p163v/histopathology/UKHD_Neuro/RetCLL_Features/FA355355-11C3-488E-B20A-531C5223D67A.h5,34
52,3B1B1BD9-8F4D-4DE4-B86C-CF583609359B,/home/p163v/histopathology/UKHD_Neuro/RetCLL_Features/3B1B1BD9-8F4D-4DE4-B86C-CF583609359B.h5,4452
53,85396A30-AE81-4699-970A-AEE5738BE600,/home/p163v/histopathology/UKHD_Neuro/RetCLL_Features/85396A30-AE81-4699-970A-AEE5738BE600.h5,69
54,17B0F4DA-39D4-4CB9-8C1F-AF262C34F03E,/home/p163v/histopathology/UKHD_Neuro/RetCLL_Features/17B0F4DA-39D4-4CB9-8C1F-AF262C34F03E.h5,3322
55,141FA33F-A67F-4942-A656-73561A3738A9,/home/p163v/histopathology/UKHD_Neuro/RetCLL_Features/141FA33F-A67F-4942-A656-73561A3738A9.h5,1548
56,45DAC4E0-F006-40B6-A48D-9250506CD22A,/home/p163v/histopathology/UKHD_Neuro/RetCLL_Features/45DAC4E0-F006-40B6-A48D-9250506CD22A.h5,131
57,22B828C3-8655-420C-8B1C-D5F0CEF997CF,/home/p163v/histopathology/UKHD_Neuro/RetCLL_Features/22B828C3-8655-420C-8B1C-D5F0CEF997CF.h5,6426
58,348B8962-622A-4E3E-A491-B5707C038B9A,/home/p163v/histopathology/UKHD_Neuro/RetCLL_Features/348B8962-622A-4E3E-A491-B5707C038B9A.h5,9640
59,1E8D9D23-210F-4C3A-A008-626B4DB2F8DE,/home/p163v/histopathology/UKHD_Neuro/RetCLL_Features/1E8D9D23-210F-4C3A-A008-626B4DB2F8DE.h5,11512
60,DFF72AC6-5932-43BD-9E27-46A7C74454D7,/home/p163v/histopathology/UKHD_Neuro/RetCLL_Features/DFF72AC6-5932-43BD-9E27-46A7C74454D7.h5,6748
61,FAA59492-1175-48BF-981D-7DA507ABC2CC,/home/p163v/histopathology/UKHD_Neuro/RetCLL_Features/FAA59492-1175-48BF-981D-7DA507ABC2CC.h5,1269
62,7FD2698C-36E4-4263-856E-B9F54E0C54AF,/home/p163v/histopathology/UKHD_Neuro/RetCLL_Features/7FD2698C-36E4-4263-856E-B9F54E0C54AF.h5,768
63,3D45DB5C-0E15-4488-A4CB-C7839F6F2FD0,/home/p163v/histopathology/UKHD_Neuro/RetCLL_Features/3D45DB5C-0E15-4488-A4CB-C7839F6F2FD0.h5,4185
64,CFA669AE-9371-4F2B-BCF1-8C2E5C11B856,/home/p163v/histopathology/UKHD_Neuro/RetCLL_Features/CFA669AE-9371-4F2B-BCF1-8C2E5C11B856.h5,903
65,E8B550A6-9565-41FE-AE31-AA5A1C6861FD,/home/p163v/histopathology/UKHD_Neuro/RetCLL_Features/E8B550A6-9565-41FE-AE31-AA5A1C6861FD.h5,5442
66,12F08E47-A2DC-4C89-9F59-B2050B5AD98C,/home/p163v/histopathology/UKHD_Neuro/RetCLL_Features/12F08E47-A2DC-4C89-9F59-B2050B5AD98C.h5,1123
67,5BCAF982-AE6D-4055-8185-6AC657BD583C,/home/p163v/histopathology/UKHD_Neuro/RetCLL_Features/5BCAF982-AE6D-4055-8185-6AC657BD583C.h5,1732
68,B785039D-559D-4471-B136-666CA077F5D8,/home/p163v/histopathology/UKHD_Neuro/RetCLL_Features/B785039D-559D-4471-B136-666CA077F5D8.h5,10232
69,4662CB80-6254-458D-BB7D-13FFC864F753,/home/p163v/histopathology/UKHD_Neuro/RetCLL_Features/4662CB80-6254-458D-BB7D-13FFC864F753.h5,5937
70,9329085B-EBA8-44B3-8391-C7B3186763E1,/home/p163v/histopathology/UKHD_Neuro/RetCLL_Features/9329085B-EBA8-44B3-8391-C7B3186763E1.h5,4624
71,78A91240-9012-4F0B-A535-58535B0F4E87,/home/p163v/histopathology/UKHD_Neuro/RetCLL_Features/78A91240-9012-4F0B-A535-58535B0F4E87.h5,2864
72,1ACC00F8-27B6-49B8-AD46-372D8EE1A246,/home/p163v/histopathology/UKHD_Neuro/RetCLL_Features/1ACC00F8-27B6-49B8-AD46-372D8EE1A246.h5,1040
73,F79023D5-BAD3-48F0-93DD-FE70E75D6599,/home/p163v/histopathology/UKHD_Neuro/RetCLL_Features/F79023D5-BAD3-48F0-93DD-FE70E75D6599.h5,8741
74,3948B6D2-F188-4987-A66D-FE15AC22CD56,/home/p163v/histopathology/UKHD_Neuro/RetCLL_Features/3948B6D2-F188-4987-A66D-FE15AC22CD56.h5,2829
75,86839DDF-B561-4D88-B6B1-0890182DF40F,/home/p163v/histopathology/UKHD_Neuro/RetCLL_Features/86839DDF-B561-4D88-B6B1-0890182DF40F.h5,7
76,A0792521-54D6-4EC8-9F45-B4FF197BFC81,/home/p163v/histopathology/UKHD_Neuro/RetCLL_Features/A0792521-54D6-4EC8-9F45-B4FF197BFC81.h5,885
77,7305DF17-B2C1-4655-914F-9B38789F8A5B,/home/p163v/histopathology/UKHD_Neuro/RetCLL_Features/7305DF17-B2C1-4655-914F-9B38789F8A5B.h5,723
78,4B6F1354-A9C5-4150-90C5-FB6A1564D789,/home/p163v/histopathology/UKHD_Neuro/RetCLL_Features/4B6F1354-A9C5-4150-90C5-FB6A1564D789.h5,7520
79,FFA2332E-2BF2-4BC8-BD13-8464E6B492B6,/home/p163v/histopathology/UKHD_Neuro/RetCLL_Features/FFA2332E-2BF2-4BC8-BD13-8464E6B492B6.h5,7051
80,F56AE828-7307-449D-AC81-6DFBDF9E16A6,/home/p163v/histopathology/UKHD_Neuro/RetCLL_Features/F56AE828-7307-449D-AC81-6DFBDF9E16A6.h5,63
81,0F458AF1-9BE2-4F9E-82EE-D0C396150099,/home/p163v/histopathology/UKHD_Neuro/RetCLL_Features/0F458AF1-9BE2-4F9E-82EE-D0C396150099.h5,2548
82,0EE6FA72-BCCF-47B5-95A0-855FF2E90B9F,/home/p163v/histopathology/UKHD_Neuro/RetCLL_Features/0EE6FA72-BCCF-47B5-95A0-855FF2E90B9F.h5,2385
83,41978B1F-E468-4489-97EF-833335D0E588,/home/p163v/histopathology/UKHD_Neuro/RetCLL_Features/41978B1F-E468-4489-97EF-833335D0E588.h5,10744
84,DC7C0E2B-046B-41A8-BD77-A0FD3A5C8091,/home/p163v/histopathology/UKHD_Neuro/RetCLL_Features/DC7C0E2B-046B-41A8-BD77-A0FD3A5C8091.h5,1391
85,06EDD0DF-8805-4FB7-95C3-5616D7961FDE,/home/p163v/histopathology/UKHD_Neuro/RetCLL_Features/06EDD0DF-8805-4FB7-95C3-5616D7961FDE.h5,68
86,88DBA986-3C90-40DF-80C2-877A7F7D2E5E,/home/p163v/histopathology/UKHD_Neuro/RetCLL_Features/88DBA986-3C90-40DF-80C2-877A7F7D2E5E.h5,5726
87,4BB8AD1E-0526-4CCB-914B-5FE8F85BA919,/home/p163v/histopathology/UKHD_Neuro/RetCLL_Features/4BB8AD1E-0526-4CCB-914B-5FE8F85BA919.h5,3007
88,475CA943-1751-47AF-8415-3DC1A98A9243,/home/p163v/histopathology/UKHD_Neuro/RetCLL_Features/475CA943-1751-47AF-8415-3DC1A98A9243.h5,930
89,14DB97BD-EF86-495C-AED6-AC836BAB80BE,/home/p163v/histopathology/UKHD_Neuro/RetCLL_Features/14DB97BD-EF86-495C-AED6-AC836BAB80BE.h5,412
90,22C9DED8-E224-4895-A02D-128FAB6F630E,/home/p163v/histopathology/UKHD_Neuro/RetCLL_Features/22C9DED8-E224-4895-A02D-128FAB6F630E.h5,5844
91,63EC5BB5-F755-4124-A6B9-3A0C709A1139,/home/p163v/histopathology/UKHD_Neuro/RetCLL_Features/63EC5BB5-F755-4124-A6B9-3A0C709A1139.h5,2577
92,3518A7A3-E1C4-43BE-930A-2BB5F641BF24,/home/p163v/histopathology/UKHD_Neuro/RetCLL_Features/3518A7A3-E1C4-43BE-930A-2BB5F641BF24.h5,8690
93,FA0D7BCB-5C63-48FE-8696-4DBF3FBA27B6,/home/p163v/histopathology/UKHD_Neuro/RetCLL_Features/FA0D7BCB-5C63-48FE-8696-4DBF3FBA27B6.h5,8682
94,A47200C2-9EAF-4A56-B1DD-D65282FB374C,/home/p163v/histopathology/UKHD_Neuro/RetCLL_Features/A47200C2-9EAF-4A56-B1DD-D65282FB374C.h5,8669
95,084D2262-CBD1-4C4E-9796-B9882318C55E,/home/p163v/histopathology/UKHD_Neuro/RetCLL_Features/084D2262-CBD1-4C4E-9796-B9882318C55E.h5,45
96,6F991561-415B-4DB2-AEBD-0D22BE91CB82,/home/p163v/histopathology/UKHD_Neuro/RetCLL_Features/6F991561-415B-4DB2-AEBD-0D22BE91CB82.h5,2667
97,34B083AD-4D99-456B-896B-0AAEA15DB298,/home/p163v/histopathology/UKHD_Neuro/RetCLL_Features/34B083AD-4D99-456B-896B-0AAEA15DB298.h5,2505
98,6F2AF0E8-692E-4343-90E4-5D6503C26210,/home/p163v/histopathology/UKHD_Neuro/RetCLL_Features/6F2AF0E8-692E-4343-90E4-5D6503C26210.h5,3249
99,8084DB7E-B2CC-40EE-B82D-96BAC0432174,/home/p163v/histopathology/UKHD_Neuro/RetCLL_Features/8084DB7E-B2CC-40EE-B82D-96BAC0432174.h5,1901
100,1E18F61A-C4E9-45F9-B729-871302CC38E6,/home/p163v/histopathology/UKHD_Neuro/RetCLL_Features/1E18F61A-C4E9-45F9-B729-871302CC38E6.h5,1950
101,F71C48DD-87EB-40F1-9274-A62B49DF54F9,/home/p163v/histopathology/UKHD_Neuro/RetCLL_Features/F71C48DD-87EB-40F1-9274-A62B49DF54F9.h5,1438
102,D00972EE-6E87-4BAB-955F-C873E9FA763F,/home/p163v/histopathology/UKHD_Neuro/RetCLL_Features/D00972EE-6E87-4BAB-955F-C873E9FA763F.h5,6
103,3B68D28A-2418-480A-A744-0D36D1B6A456,/home/p163v/histopathology/UKHD_Neuro/RetCLL_Features/3B68D28A-2418-480A-A744-0D36D1B6A456.h5,0
104,B09D46EA-5DBF-44BC-AB08-DE3D05E163EF,/home/p163v/histopathology/UKHD_Neuro/RetCLL_Features/B09D46EA-5DBF-44BC-AB08-DE3D05E163EF.h5,7689
105,E457BF86-FB0D-4D8E-B2F3-E29380E3BD73,/home/p163v/histopathology/UKHD_Neuro/RetCLL_Features/E457BF86-FB0D-4D8E-B2F3-E29380E3BD73.h5,550
106,3B1DD285-7129-48AB-B6FD-A6E937DEED0E,/home/p163v/histopathology/UKHD_Neuro/RetCLL_Features/3B1DD285-7129-48AB-B6FD-A6E937DEED0E.h5,14646
107,E9B93D01-39A4-4AC3-93AD-144A1B6D8DF7,/home/p163v/histopathology/UKHD_Neuro/RetCLL_Features/E9B93D01-39A4-4AC3-93AD-144A1B6D8DF7.h5,6535
108,3DF0A823-234F-4D03-8943-28E26E5CA712,/home/p163v/histopathology/UKHD_Neuro/RetCLL_Features/3DF0A823-234F-4D03-8943-28E26E5CA712.h5,2300
109,5F01C194-C8F2-4AAE-A079-73170FE6100C,/home/p163v/histopathology/UKHD_Neuro/RetCLL_Features/5F01C194-C8F2-4AAE-A079-73170FE6100C.h5,4817
110,505643DB-771A-42E0-9AD0-758511F4716A,/home/p163v/histopathology/UKHD_Neuro/RetCLL_Features/505643DB-771A-42E0-9AD0-758511F4716A.h5,1533
111,CE901EDA-E1A3-4CCF-9582-F7144E72045E,/home/p163v/histopathology/UKHD_Neuro/RetCLL_Features/CE901EDA-E1A3-4CCF-9582-F7144E72045E.h5,2413
112,87C1359B-A80C-4AA4-A2A7-03B8E67ED878,/home/p163v/histopathology/UKHD_Neuro/RetCLL_Features/87C1359B-A80C-4AA4-A2A7-03B8E67ED878.h5,329
113,274FADB4-D0A3-4D35-A4C4-D91C9731AE20,/home/p163v/histopathology/UKHD_Neuro/RetCLL_Features/274FADB4-D0A3-4D35-A4C4-D91C9731AE20.h5,599
114,63A67A5C-13FE-4F8A-89CB-179458EC1147,/home/p163v/histopathology/UKHD_Neuro/RetCLL_Features/63A67A5C-13FE-4F8A-89CB-179458EC1147.h5,64
115,2C117FBC-A3C1-4EBF-AE18-3A4109291759,/home/p163v/histopathology/UKHD_Neuro/RetCLL_Features/2C117FBC-A3C1-4EBF-AE18-3A4109291759.h5,8291
116,76AE89C4-3F7D-49AC-B29F-CD61FA6D457E,/home/p163v/histopathology/UKHD_Neuro/RetCLL_Features/76AE89C4-3F7D-49AC-B29F-CD61FA6D457E.h5,4540
117,CC81F212-D4D2-414F-A5A4-42B1BD509A0A,/home/p163v/histopathology/UKHD_Neuro/RetCLL_Features/CC81F212-D4D2-414F-A5A4-42B1BD509A0A.h5,45
118,99FB9306-6E3A-49C9-B5C9-DCD8DCB2F76A,/home/p163v/histopathology/UKHD_Neuro/RetCLL_Features/99FB9306-6E3A-49C9-B5C9-DCD8DCB2F76A.h5,1278
119,EFF09F2E-9BE3-448F-9EE4-399D456D3AB9,/home/p163v/histopathology/UKHD_Neuro/RetCLL_Features/EFF09F2E-9BE3-448F-9EE4-399D456D3AB9.h5,5567
120,D8BA4F89-ECDB-4010-9346-F2EB4764048A,/home/p163v/histopathology/UKHD_Neuro/RetCLL_Features/D8BA4F89-ECDB-4010-9346-F2EB4764048A.h5,3411
121,4D67A059-189E-4595-9965-7CA29F6C5D6D,/home/p163v/histopathology/UKHD_Neuro/RetCLL_Features/4D67A059-189E-4595-9965-7CA29F6C5D6D.h5,6340
122,D5BD6647-B8E7-4DBF-9435-1B01FFEB8B49,/home/p163v/histopathology/UKHD_Neuro/RetCLL_Features/D5BD6647-B8E7-4DBF-9435-1B01FFEB8B49.h5,4533
123,1A894DC1-36C3-4757-AD38-74CCCFC8825F,/home/p163v/histopathology/UKHD_Neuro/RetCLL_Features/1A894DC1-36C3-4757-AD38-74CCCFC8825F.h5,6819
124,24AEF1C6-C33F-4395-8C81-6B4425731158,/home/p163v/histopathology/UKHD_Neuro/RetCLL_Features/24AEF1C6-C33F-4395-8C81-6B4425731158.h5,17326
125,A82551E9-293C-4CFC-A6C9-E8BAAED10E27,/home/p163v/histopathology/UKHD_Neuro/RetCLL_Features/A82551E9-293C-4CFC-A6C9-E8BAAED10E27.h5,101
126,556FBD99-58DE-45D5-9BAD-60D1F2B8E795,/home/p163v/histopathology/UKHD_Neuro/RetCLL_Features/556FBD99-58DE-45D5-9BAD-60D1F2B8E795.h5,3052
127,BC7E390E-A1A5-429C-9FD3-3106E5179368,/home/p163v/histopathology/UKHD_Neuro/RetCLL_Features/BC7E390E-A1A5-429C-9FD3-3106E5179368.h5,8582
128,D039389E-4336-4CCB-B15C-ECF20D938483,/home/p163v/histopathology/UKHD_Neuro/RetCLL_Features/D039389E-4336-4CCB-B15C-ECF20D938483.h5,88
129,C63DC782-7632-44AB-9D46-957C58F3FED4,/home/p163v/histopathology/UKHD_Neuro/RetCLL_Features/C63DC782-7632-44AB-9D46-957C58F3FED4.h5,1
130,A3A7D25A-17BE-441D-B26C-C8D46B0F0C2B,/home/p163v/histopathology/UKHD_Neuro/RetCLL_Features/A3A7D25A-17BE-441D-B26C-C8D46B0F0C2B.h5,5175
131,ED8BCD77-76EB-413E-8D12-D3E59B0B3E30,/home/p163v/histopathology/UKHD_Neuro/RetCLL_Features/ED8BCD77-76EB-413E-8D12-D3E59B0B3E30.h5,6705
132,0A6976B6-A380-45EB-A90C-92B21D7C6ED5,/home/p163v/histopathology/UKHD_Neuro/RetCLL_Features/0A6976B6-A380-45EB-A90C-92B21D7C6ED5.h5,17480
133,628690F0-BA56-4B2B-9A46-42C7DAB9954D,/home/p163v/histopathology/UKHD_Neuro/RetCLL_Features/628690F0-BA56-4B2B-9A46-42C7DAB9954D.h5,5101
134,B515C3A1-7ABC-460F-9779-C3D72E763AD9,/home/p163v/histopathology/UKHD_Neuro/RetCLL_Features/B515C3A1-7ABC-460F-9779-C3D72E763AD9.h5,2008
135,B1F65FA8-0585-439C-B2CE-2A0A784781ED,/home/p163v/histopathology/UKHD_Neuro/RetCLL_Features/B1F65FA8-0585-439C-B2CE-2A0A784781ED.h5,6054
136,C8383883-3BE7-437C-B0E2-29A8F82B9119,/home/p163v/histopathology/UKHD_Neuro/RetCLL_Features/C8383883-3BE7-437C-B0E2-29A8F82B9119.h5,4673
137,AD6F4FCE-6696-4E75-A776-A93F568EC203,/home/p163v/histopathology/UKHD_Neuro/RetCLL_Features/AD6F4FCE-6696-4E75-A776-A93F568EC203.h5,666
138,C2B299C8-E416-435D-8AED-DA575621BE7A,/home/p163v/histopathology/UKHD_Neuro/RetCLL_Features/C2B299C8-E416-435D-8AED-DA575621BE7A.h5,2475
139,50001ED1-89E2-4D22-A8FB-23B31A9079FA,/home/p163v/histopathology/UKHD_Neuro/RetCLL_Features/50001ED1-89E2-4D22-A8FB-23B31A9079FA.h5,964
140,23776E85-F541-4849-81E3-F013EB5AC186,/home/p163v/histopathology/UKHD_Neuro/RetCLL_Features/23776E85-F541-4849-81E3-F013EB5AC186.h5,3389
141,1A7014FD-6722-484D-8AC9-030567E8E522,/home/p163v/histopathology/UKHD_Neuro/RetCLL_Features/1A7014FD-6722-484D-8AC9-030567E8E522.h5,1858
142,3F45F4DE-AB97-4899-9001-277BB06767E3,/home/p163v/histopathology/UKHD_Neuro/RetCLL_Features/3F45F4DE-AB97-4899-9001-277BB06767E3.h5,4431
143,E1B3EA85-CCE3-4165-BB0C-8D5A098CC6B6,/home/p163v/histopathology/UKHD_Neuro/RetCLL_Features/E1B3EA85-CCE3-4165-BB0C-8D5A098CC6B6.h5,476
144,EDB7EF07-40EC-4765-9632-80576B25C8B9,/home/p163v/histopathology/UKHD_Neuro/RetCLL_Features/EDB7EF07-40EC-4765-9632-80576B25C8B9.h5,5226
145,242AC40A-041E-4C64-99E1-7C5353C143BF,/home/p163v/histopathology/UKHD_Neuro/RetCLL_Features/242AC40A-041E-4C64-99E1-7C5353C143BF.h5,1931
146,E09836A7-D823-433A-A529-A75BE5C790D8,/home/p163v/histopathology/UKHD_Neuro/RetCLL_Features/E09836A7-D823-433A-A529-A75BE5C790D8.h5,1445
147,27F48BBD-51BC-40CD-8ED5-E4B8237E27E4,/home/p163v/histopathology/UKHD_Neuro/RetCLL_Features/27F48BBD-51BC-40CD-8ED5-E4B8237E27E4.h5,3970
148,96E9BB28-914B-4188-BD1C-F84D8802D753,/home/p163v/histopathology/UKHD_Neuro/RetCLL_Features/96E9BB28-914B-4188-BD1C-F84D8802D753.h5,9992
149,E7BA4286-6547-4952-92D7-4DF74C2CFC21,/home/p163v/histopathology/UKHD_Neuro/RetCLL_Features/E7BA4286-6547-4952-92D7-4DF74C2CFC21.h5,6502
150,FDC6A54D-41F4-4368-AABA-B07E30A81D10,/home/p163v/histopathology/UKHD_Neuro/RetCLL_Features/FDC6A54D-41F4-4368-AABA-B07E30A81D10.h5,8654
151,F429779F-0EB7-4BFE-BB5D-30024898C2A4,/home/p163v/histopathology/UKHD_Neuro/RetCLL_Features/F429779F-0EB7-4BFE-BB5D-30024898C2A4.h5,3573
152,F33E3962-E8A0-4C7F-919B-976C34CF81AC,/home/p163v/histopathology/UKHD_Neuro/RetCLL_Features/F33E3962-E8A0-4C7F-919B-976C34CF81AC.h5,2079
153,107F2689-9489-476C-B2FE-C320090B17FC,/home/p163v/histopathology/UKHD_Neuro/RetCLL_Features/107F2689-9489-476C-B2FE-C320090B17FC.h5,848
154,4B1520A4-805F-4294-B479-3628B65F6E38,/home/p163v/histopathology/UKHD_Neuro/RetCLL_Features/4B1520A4-805F-4294-B479-3628B65F6E38.h5,7185
155,194E0197-98D1-4247-BD28-73ED50F85695,/home/p163v/histopathology/UKHD_Neuro/RetCLL_Features/194E0197-98D1-4247-BD28-73ED50F85695.h5,1793
156,61482F85-F98A-47E4-B916-F5FE324F1D6D,/home/p163v/histopathology/UKHD_Neuro/RetCLL_Features/61482F85-F98A-47E4-B916-F5FE324F1D6D.h5,5146
157,7D4EA41E-E561-4996-ADE5-76FDBE0A945E,/home/p163v/histopathology/UKHD_Neuro/RetCLL_Features/7D4EA41E-E561-4996-ADE5-76FDBE0A945E.h5,7197
158,86D55B59-3775-4B57-87E6-468912AC0DB8,/home/p163v/histopathology/UKHD_Neuro/RetCLL_Features/86D55B59-3775-4B57-87E6-468912AC0DB8.h5,5746
159,F13B10EB-F982-4215-85B4-7946B1F8D40C,/home/p163v/histopathology/UKHD_Neuro/RetCLL_Features/F13B10EB-F982-4215-85B4-7946B1F8D40C.h5,3519
160,349BCB72-03C9-4CB9-BE78-1AC7D4814949,/home/p163v/histopathology/UKHD_Neuro/RetCLL_Features/349BCB72-03C9-4CB9-BE78-1AC7D4814949.h5,2038
161,143CC821-0439-41A7-B1F0-41F1AD1DB1E4,/home/p163v/histopathology/UKHD_Neuro/RetCLL_Features/143CC821-0439-41A7-B1F0-41F1AD1DB1E4.h5,11435
162,B74CD3A5-F2F6-464F-BBBE-2B9A6D0E1DFD,/home/p163v/histopathology/UKHD_Neuro/RetCLL_Features/B74CD3A5-F2F6-464F-BBBE-2B9A6D0E1DFD.h5,7929
163,145D56E8-6F7D-4743-96AD-E7B3CD372CA3,/home/p163v/histopathology/UKHD_Neuro/RetCLL_Features/145D56E8-6F7D-4743-96AD-E7B3CD372CA3.h5,930
164,7FA37E43-D86D-4BAA-8DE4-1551E91BA21C,/home/p163v/histopathology/UKHD_Neuro/RetCLL_Features/7FA37E43-D86D-4BAA-8DE4-1551E91BA21C.h5,2217
165,E55F57DB-2ABB-456E-BAA0-AECC9CEDC785,/home/p163v/histopathology/UKHD_Neuro/RetCLL_Features/E55F57DB-2ABB-456E-BAA0-AECC9CEDC785.h5,9083
166,ABE83291-6CE8-4D39-A34B-AECF33CEEF53,/home/p163v/histopathology/UKHD_Neuro/RetCLL_Features/ABE83291-6CE8-4D39-A34B-AECF33CEEF53.h5,2454
167,C6BFFFE6-15BE-4A93-97F7-45D779CD7F86,/home/p163v/histopathology/UKHD_Neuro/RetCLL_Features/C6BFFFE6-15BE-4A93-97F7-45D779CD7F86.h5,807
168,F5C496C6-BF02-4076-9247-3FD9EF99B92F,/home/p163v/histopathology/UKHD_Neuro/RetCLL_Features/F5C496C6-BF02-4076-9247-3FD9EF99B92F.h5,286
169,0740BD5E-FD4C-4BCD-843E-AB386A76A341,/home/p163v/histopathology/UKHD_Neuro/RetCLL_Features/0740BD5E-FD4C-4BCD-843E-AB386A76A341.h5,171
170,1DBA935D-FA5B-4B21-BA0F-87168BCEEC3F,/home/p163v/histopathology/UKHD_Neuro/RetCLL_Features/1DBA935D-FA5B-4B21-BA0F-87168BCEEC3F.h5,219
171,DFF84A16-68B7-4DE7-9A5D-7E7FFAD9703E,/home/p163v/histopathology/UKHD_Neuro/RetCLL_Features/DFF84A16-68B7-4DE7-9A5D-7E7FFAD9703E.h5,2910
172,01AD53EB-422E-4E3F-A7B2-F81EF273216D,/home/p163v/histopathology/UKHD_Neuro/RetCLL_Features/01AD53EB-422E-4E3F-A7B2-F81EF273216D.h5,4123
173,695F0E3E-7922-42F6-9F29-FA19FADD81BE,/home/p163v/histopathology/UKHD_Neuro/RetCLL_Features/695F0E3E-7922-42F6-9F29-FA19FADD81BE.h5,6348
174,D0AF6CE4-6E0D-42CB-9A6F-461D80A533F6,/home/p163v/histopathology/UKHD_Neuro/RetCLL_Features/D0AF6CE4-6E0D-42CB-9A6F-461D80A533F6.h5,5898
175,464F3236-0F1B-4DB0-A74B-92BA8A408630,/home/p163v/histopathology/UKHD_Neuro/RetCLL_Features/464F3236-0F1B-4DB0-A74B-92BA8A408630.h5,1850
176,C8B7A71F-1025-4C60-99CC-B7951BE6AB46,/home/p163v/histopathology/UKHD_Neuro/RetCLL_Features/C8B7A71F-1025-4C60-99CC-B7951BE6AB46.h5,1258
177,5085CE4F-09C9-4F71-BE8E-ADC188694B41,/home/p163v/histopathology/UKHD_Neuro/RetCLL_Features/5085CE4F-09C9-4F71-BE8E-ADC188694B41.h5,5310
178,23A8BE09-6E7C-4625-9898-1B6A2C2AA3D0,/home/p163v/histopathology/UKHD_Neuro/RetCLL_Features/23A8BE09-6E7C-4625-9898-1B6A2C2AA3D0.h5,1587
179,2BADF8B7-EA00-4091-931B-9EE14BA006B0,/home/p163v/histopathology/UKHD_Neuro/RetCLL_Features/2BADF8B7-EA00-4091-931B-9EE14BA006B0.h5,230
180,568A6C86-DC84-472E-862E-D7F3C5A18E69,/home/p163v/histopathology/UKHD_Neuro/RetCLL_Features/568A6C86-DC84-472E-862E-D7F3C5A18E69.h5,1103
181,9EA9528F-4509-4EC0-A6F9-0C16D7AA7DB4,/home/p163v/histopathology/UKHD_Neuro/RetCLL_Features/9EA9528F-4509-4EC0-A6F9-0C16D7AA7DB4.h5,811
182,8662E871-5C25-4777-8145-521C6BB10FA1,/home/p163v/histopathology/UKHD_Neuro/RetCLL_Features/8662E871-5C25-4777-8145-521C6BB10FA1.h5,2268
183,4837D416-73A4-4B2A-A3BC-B58A820B177C,/home/p163v/histopathology/UKHD_Neuro/RetCLL_Features/4837D416-73A4-4B2A-A3BC-B58A820B177C.h5,12651
184,D4B91681-B263-4F06-BAC9-5614CF81C8E4,/home/p163v/histopathology/UKHD_Neuro/RetCLL_Features/D4B91681-B263-4F06-BAC9-5614CF81C8E4.h5,1
185,4B3EE2EB-1BED-46CA-8EED-6FAC6527F820,/home/p163v/histopathology/UKHD_Neuro/RetCLL_Features/4B3EE2EB-1BED-46CA-8EED-6FAC6527F820.h5,424
186,88CA76AF-DB80-43B5-9650-92574A876603,/home/p163v/histopathology/UKHD_Neuro/RetCLL_Features/88CA76AF-DB80-43B5-9650-92574A876603.h5,55
187,A8E99AD1-EBEB-4724-BBD8-62FD322EF6A1,/home/p163v/histopathology/UKHD_Neuro/RetCLL_Features/A8E99AD1-EBEB-4724-BBD8-62FD322EF6A1.h5,3709
188,1B14607C-6C1F-4DED-9412-7E6C79AA95EB,/home/p163v/histopathology/UKHD_Neuro/RetCLL_Features/1B14607C-6C1F-4DED-9412-7E6C79AA95EB.h5,236
189,3E589112-1F18-4F1D-8AC6-D51C756C77B7,/home/p163v/histopathology/UKHD_Neuro/RetCLL_Features/3E589112-1F18-4F1D-8AC6-D51C756C77B7.h5,355
190,93F1933F-38CE-46A2-9A61-5691F67853C1,/home/p163v/histopathology/UKHD_Neuro/RetCLL_Features/93F1933F-38CE-46A2-9A61-5691F67853C1.h5,0
191,2F155FF5-0C14-4522-97E9-6AE73B350899,/home/p163v/histopathology/UKHD_Neuro/RetCLL_Features/2F155FF5-0C14-4522-97E9-6AE73B350899.h5,183
192,4D2EA67A-1F86-4043-903C-55F5BBFDEB34,/home/p163v/histopathology/UKHD_Neuro/RetCLL_Features/4D2EA67A-1F86-4043-903C-55F5BBFDEB34.h5,268
193,30F98C5A-136A-41C2-8D87-67DD064F8050,/home/p163v/histopathology/UKHD_Neuro/RetCLL_Features/30F98C5A-136A-41C2-8D87-67DD064F8050.h5,1409
194,D667113E-9B43-42A4-B40F-4E0AF5230BCE,/home/p163v/histopathology/UKHD_Neuro/RetCLL_Features/D667113E-9B43-42A4-B40F-4E0AF5230BCE.h5,0
195,1A4D5E67-F277-439C-B254-D56B202E2C36,/home/p163v/histopathology/UKHD_Neuro/RetCLL_Features/1A4D5E67-F277-439C-B254-D56B202E2C36.h5,1877
196,25ABE6B6-BD2D-46BD-8522-CC4DE172F164,/home/p163v/histopathology/UKHD_Neuro/RetCLL_Features/25ABE6B6-BD2D-46BD-8522-CC4DE172F164.h5,6622
197,519046C0-DCFD-40B6-A95E-F1D90C918A09,/home/p163v/histopathology/UKHD_Neuro/RetCLL_Features/519046C0-DCFD-40B6-A95E-F1D90C918A09.h5,1325
198,FEBF9C03-4B4B-42B6-A9D6-ABCD7A4F6377,/home/p163v/histopathology/UKHD_Neuro/RetCLL_Features/FEBF9C03-4B4B-42B6-A9D6-ABCD7A4F6377.h5,1013
199,07CE5496-CCBB-4F33-84A0-B355D70DDF10,/home/p163v/histopathology/UKHD_Neuro/RetCLL_Features/07CE5496-CCBB-4F33-84A0-B355D70DDF10.h5,175
200,833A3945-0542-426E-8C36-4C887C67611C,/home/p163v/histopathology/UKHD_Neuro/RetCLL_Features/833A3945-0542-426E-8C36-4C887C67611C.h5,3166
201,1C5D9BE1-21F8-4827-ACE9-D24429BF1432,/home/p163v/histopathology/UKHD_Neuro/RetCLL_Features/1C5D9BE1-21F8-4827-ACE9-D24429BF1432.h5,1437
202,297583D9-95F1-471F-9DC7-E068EE41044E,/home/p163v/histopathology/UKHD_Neuro/RetCLL_Features/297583D9-95F1-471F-9DC7-E068EE41044E.h5,3484
203,EFAFEE21-B768-4564-9017-85AEDA684697,/home/p163v/histopathology/UKHD_Neuro/RetCLL_Features/EFAFEE21-B768-4564-9017-85AEDA684697.h5,2758
204,0E1DF3AA-1B51-43EE-8E00-CB7B178EA251,/home/p163v/histopathology/UKHD_Neuro/RetCLL_Features/0E1DF3AA-1B51-43EE-8E00-CB7B178EA251.h5,1741
205,0FA91581-D1D3-4153-8F22-73355884C5FC,/home/p163v/histopathology/UKHD_Neuro/RetCLL_Features/0FA91581-D1D3-4153-8F22-73355884C5FC.h5,471
206,B0DA981C-13A0-4CAD-AD3D-C5D34BCADE8E,/home/p163v/histopathology/UKHD_Neuro/RetCLL_Features/B0DA981C-13A0-4CAD-AD3D-C5D34BCADE8E.h5,1535
207,60373171-5F8F-44AD-ABDA-A18F61C95559,/home/p163v/histopathology/UKHD_Neuro/RetCLL_Features/60373171-5F8F-44AD-ABDA-A18F61C95559.h5,1695
208,85F8798E-B45F-4E49-9E85-47D3B6E7025B,/home/p163v/histopathology/UKHD_Neuro/RetCLL_Features/85F8798E-B45F-4E49-9E85-47D3B6E7025B.h5,2834
209,FF17F1F7-AE59-44CA-84AA-F03389E8CF2E,/home/p163v/histopathology/UKHD_Neuro/RetCLL_Features/FF17F1F7-AE59-44CA-84AA-F03389E8CF2E.h5,7851
210,336EA318-20E2-44DC-B63F-18B8C1B56AA5,/home/p163v/histopathology/UKHD_Neuro/RetCLL_Features/336EA318-20E2-44DC-B63F-18B8C1B56AA5.h5,8223
211,471C5633-487F-488C-ACFE-1EF6CD8235D0,/home/p163v/histopathology/UKHD_Neuro/RetCLL_Features/471C5633-487F-488C-ACFE-1EF6CD8235D0.h5,1582
212,0A225B1C-4B3D-4534-95E8-D7B17CAF9894,/home/p163v/histopathology/UKHD_Neuro/RetCLL_Features/0A225B1C-4B3D-4534-95E8-D7B17CAF9894.h5,229
213,A1C1C5E5-104C-4F38-8311-954CA235D26B,/home/p163v/histopathology/UKHD_Neuro/RetCLL_Features/A1C1C5E5-104C-4F38-8311-954CA235D26B.h5,3782
214,779B3C8B-A584-43E5-B26C-92D5DDA5C0A5,/home/p163v/histopathology/UKHD_Neuro/RetCLL_Features/779B3C8B-A584-43E5-B26C-92D5DDA5C0A5.h5,487
215,BE0EE521-5A9B-4395-BF57-410BC7B287AC,/home/p163v/histopathology/UKHD_Neuro/RetCLL_Features/BE0EE521-5A9B-4395-BF57-410BC7B287AC.h5,1945
216,221B0455-6418-4A5D-B9CB-049CF7A0E517,/home/p163v/histopathology/UKHD_Neuro/RetCLL_Features/221B0455-6418-4A5D-B9CB-049CF7A0E517.h5,1825
217,F7396349-2BB2-4F6E-881F-3BF48BE47871,/home/p163v/histopathology/UKHD_Neuro/RetCLL_Features/F7396349-2BB2-4F6E-881F-3BF48BE47871.h5,0
218,17F71CD6-5F9E-420F-9683-FC7ACE1731F5,/home/p163v/histopathology/UKHD_Neuro/RetCLL_Features/17F71CD6-5F9E-420F-9683-FC7ACE1731F5.h5,10991
219,23B626AF-51D4-4C4F-A2EB-17671C2BF454,/home/p163v/histopathology/UKHD_Neuro/RetCLL_Features/23B626AF-51D4-4C4F-A2EB-17671C2BF454.h5,833
220,2F09AE4A-1546-4ED2-961F-4F00B4F7BE6F,/home/p163v/histopathology/UKHD_Neuro/RetCLL_Features/2F09AE4A-1546-4ED2-961F-4F00B4F7BE6F.h5,5410
221,458FF027-400E-4AC3-8D5C-3230D0615024,/home/p163v/histopathology/UKHD_Neuro/RetCLL_Features/458FF027-400E-4AC3-8D5C-3230D0615024.h5,799
222,2BA8054E-7287-4F43-8343-69F91DD6FF19,/home/p163v/histopathology/UKHD_Neuro/RetCLL_Features/2BA8054E-7287-4F43-8343-69F91DD6FF19.h5,13775
223,F0A95B7F-19C6-48A6-AFEA-026460A1D50D,/home/p163v/histopathology/UKHD_Neuro/RetCLL_Features/F0A95B7F-19C6-48A6-AFEA-026460A1D50D.h5,2822
224,E0B05252-F76F-48C9-99C8-F632491404E3,/home/p163v/histopathology/UKHD_Neuro/RetCLL_Features/E0B05252-F76F-48C9-99C8-F632491404E3.h5,3012
225,2824D1EF-337A-442F-A32F-1C9030C808B3,/home/p163v/histopathology/UKHD_Neuro/RetCLL_Features/2824D1EF-337A-442F-A32F-1C9030C808B3.h5,2568
226,690A27CB-D887-467A-98FD-8C1A8D5BAF07,/home/p163v/histopathology/UKHD_Neuro/RetCLL_Features/690A27CB-D887-467A-98FD-8C1A8D5BAF07.h5,1774
227,7EC4A50F-B422-413F-983E-2418103F347F,/home/p163v/histopathology/UKHD_Neuro/RetCLL_Features/7EC4A50F-B422-413F-983E-2418103F347F.h5,2161
228,E08A9972-A4EC-4DF5-BB7E-F2B8596433FC,/home/p163v/histopathology/UKHD_Neuro/RetCLL_Features/E08A9972-A4EC-4DF5-BB7E-F2B8596433FC.h5,0
229,E90F1305-CC1C-4275-862F-1C1E04FA4850,/home/p163v/histopathology/UKHD_Neuro/RetCLL_Features/E90F1305-CC1C-4275-862F-1C1E04FA4850.h5,211
230,A0D4A17A-C67B-4C3F-9582-98E5042D3E20,/home/p163v/histopathology/UKHD_Neuro/RetCLL_Features/A0D4A17A-C67B-4C3F-9582-98E5042D3E20.h5,8854
231,46CFC0C0-F728-4FC0-B7AE-A7041B410787,/home/p163v/histopathology/UKHD_Neuro/RetCLL_Features/46CFC0C0-F728-4FC0-B7AE-A7041B410787.h5,594
232,6106E876-752B-40AD-AC25-0FAA0529CF1D,/home/p163v/histopathology/UKHD_Neuro/RetCLL_Features/6106E876-752B-40AD-AC25-0FAA0529CF1D.h5,9248
233,5F5BC88E-15C6-46CC-9E99-C94C812CC9BE,/home/p163v/histopathology/UKHD_Neuro/RetCLL_Features/5F5BC88E-15C6-46CC-9E99-C94C812CC9BE.h5,3506
234,E37EE917-D1B0-4EF2-8B6F-A89E0C8E7978,/home/p163v/histopathology/UKHD_Neuro/RetCLL_Features/E37EE917-D1B0-4EF2-8B6F-A89E0C8E7978.h5,3214
235,32C57CB9-FA3C-45A9-B5C9-7523249DF5A9,/home/p163v/histopathology/UKHD_Neuro/RetCLL_Features/32C57CB9-FA3C-45A9-B5C9-7523249DF5A9.h5,1400
236,77EE0447-7B44-48EB-A72C-338BCC81C5C1,/home/p163v/histopathology/UKHD_Neuro/RetCLL_Features/77EE0447-7B44-48EB-A72C-338BCC81C5C1.h5,11823
237,E3B2FF6F-B3A8-49DF-BCC9-81136A343F03,/home/p163v/histopathology/UKHD_Neuro/RetCLL_Features/E3B2FF6F-B3A8-49DF-BCC9-81136A343F03.h5,2427
238,ED12613F-0F34-4FA4-9092-43BAFE9F7A85,/home/p163v/histopathology/UKHD_Neuro/RetCLL_Features/ED12613F-0F34-4FA4-9092-43BAFE9F7A85.h5,5066
239,03218057-D2F2-4094-8400-C5E1F2419A07,/home/p163v/histopathology/UKHD_Neuro/RetCLL_Features/03218057-D2F2-4094-8400-C5E1F2419A07.h5,597
240,0B67A48D-5090-4E54-8E02-E4A890EE7854,/home/p163v/histopathology/UKHD_Neuro/RetCLL_Features/0B67A48D-5090-4E54-8E02-E4A890EE7854.h5,359
241,A4AA36EE-403E-43B4-9804-F56B7A311BEE,/home/p163v/histopathology/UKHD_Neuro/RetCLL_Features/A4AA36EE-403E-43B4-9804-F56B7A311BEE.h5,782
242,29320F4A-9913-4F1E-B14F-59CF7002C0E9,/home/p163v/histopathology/UKHD_Neuro/RetCLL_Features/29320F4A-9913-4F1E-B14F-59CF7002C0E9.h5,5051
243,DDE8414D-F9EC-426A-A08B-93F2FC14CD90,/home/p163v/histopathology/UKHD_Neuro/RetCLL_Features/DDE8414D-F9EC-426A-A08B-93F2FC14CD90.h5,1410
244,FC8023A2-64AD-45B7-9F26-6749F54AE9BC,/home/p163v/histopathology/UKHD_Neuro/RetCLL_Features/FC8023A2-64AD-45B7-9F26-6749F54AE9BC.h5,222
245,CFFBDE33-0A5C-4A22-BDA9-95B6ECDE1FAD,/home/p163v/histopathology/UKHD_Neuro/RetCLL_Features/CFFBDE33-0A5C-4A22-BDA9-95B6ECDE1FAD.h5,3158
246,F658F54F-4E2B-41F3-91B6-12B2C7D54FC2,/home/p163v/histopathology/UKHD_Neuro/RetCLL_Features/F658F54F-4E2B-41F3-91B6-12B2C7D54FC2.h5,6016
247,179C4644-ABA7-421C-9AED-A2B872AD1F44,/home/p163v/histopathology/UKHD_Neuro/RetCLL_Features/179C4644-ABA7-421C-9AED-A2B872AD1F44.h5,17
248,1681ACEF-AEBC-4340-B1C6-DC5B79DA958E,/home/p163v/histopathology/UKHD_Neuro/RetCLL_Features/1681ACEF-AEBC-4340-B1C6-DC5B79DA958E.h5,4419
249,0809742B-89B1-46CB-A857-3422C09E05F6,/home/p163v/histopathology/UKHD_Neuro/RetCLL_Features/0809742B-89B1-46CB-A857-3422C09E05F6.h5,4689
250,1811BCF5-C747-45F5-93C5-59D2FB03BEFA,/home/p163v/histopathology/UKHD_Neuro/RetCLL_Features/1811BCF5-C747-45F5-93C5-59D2FB03BEFA.h5,4006
251,407A81B9-6A61-4715-BE3D-1E776222CA03,/home/p163v/histopathology/UKHD_Neuro/RetCLL_Features/407A81B9-6A61-4715-BE3D-1E776222CA03.h5,35
252,45992A98-BCD4-4FCF-9A62-3CE2D8E9E680,/home/p163v/histopathology/UKHD_Neuro/RetCLL_Features/45992A98-BCD4-4FCF-9A62-3CE2D8E9E680.h5,50
253,BC8A55AA-0FBD-4E0B-961F-FF92C75FDB53,/home/p163v/histopathology/UKHD_Neuro/RetCLL_Features/BC8A55AA-0FBD-4E0B-961F-FF92C75FDB53.h5,2132
254,89A59D37-C8F3-4118-A141-D3D50671BE1B,/home/p163v/histopathology/UKHD_Neuro/RetCLL_Features/89A59D37-C8F3-4118-A141-D3D50671BE1B.h5,8277
255,7FA3B0B8-45F4-4F7E-AB32-9ACFCB11BD06,/home/p163v/histopathology/UKHD_Neuro/RetCLL_Features/7FA3B0B8-45F4-4F7E-AB32-9ACFCB11BD06.h5,8309
256,F68C282E-1419-4EDB-9011-8DF0D74B5D16,/home/p163v/histopathology/UKHD_Neuro/RetCLL_Features/F68C282E-1419-4EDB-9011-8DF0D74B5D16.h5,2700
257,5521FFCC-AFDC-4A03-B526-D02CE6492E10,/home/p163v/histopathology/UKHD_Neuro/RetCLL_Features/5521FFCC-AFDC-4A03-B526-D02CE6492E10.h5,8661
258,4D398A7F-7C27-4924-8B56-AF875872D061,/home/p163v/histopathology/UKHD_Neuro/RetCLL_Features/4D398A7F-7C27-4924-8B56-AF875872D061.h5,3105
259,C5DF083B-2C7A-480F-AD4F-F8413A8D4350,/home/p163v/histopathology/UKHD_Neuro/RetCLL_Features/C5DF083B-2C7A-480F-AD4F-F8413A8D4350.h5,3997
260,10E0A391-887E-495B-AA40-A274EA43A6AA,/home/p163v/histopathology/UKHD_Neuro/RetCLL_Features/10E0A391-887E-495B-AA40-A274EA43A6AA.h5,1226
261,42520998-E6DB-479A-AD12-81A12D0CBADA,/home/p163v/histopathology/UKHD_Neuro/RetCLL_Features/42520998-E6DB-479A-AD12-81A12D0CBADA.h5,1404
262,7AFD60F8-513C-407C-9072-64D8F76EFD9A,/home/p163v/histopathology/UKHD_Neuro/RetCLL_Features/7AFD60F8-513C-407C-9072-64D8F76EFD9A.h5,663
263,79C63121-CDD5-487F-B2E2-0BE90F3D49B2,/home/p163v/histopathology/UKHD_Neuro/RetCLL_Features/79C63121-CDD5-487F-B2E2-0BE90F3D49B2.h5,1451
264,BAE8A798-D799-4818-8368-AAC007469C97,/home/p163v/histopathology/UKHD_Neuro/RetCLL_Features/BAE8A798-D799-4818-8368-AAC007469C97.h5,2024
265,BB02CF97-E3B1-42CC-A27E-ED6344907BBD,/home/p163v/histopathology/UKHD_Neuro/RetCLL_Features/BB02CF97-E3B1-42CC-A27E-ED6344907BBD.h5,967
266,674154E5-F85A-40BA-BBB6-283D88416FC7,/home/p163v/histopathology/UKHD_Neuro/RetCLL_Features/674154E5-F85A-40BA-BBB6-283D88416FC7.h5,0
267,DFD5E414-4AED-43CD-956A-4E1E58DD8E47,/home/p163v/histopathology/UKHD_Neuro/RetCLL_Features/DFD5E414-4AED-43CD-956A-4E1E58DD8E47.h5,4
268,701A9BB2-C8C5-4924-A6C8-10F10942A663,/home/p163v/histopathology/UKHD_Neuro/RetCLL_Features/701A9BB2-C8C5-4924-A6C8-10F10942A663.h5,2046
269,A57516C0-EA17-44AE-B04A-B1637D905057,/home/p163v/histopathology/UKHD_Neuro/RetCLL_Features/A57516C0-EA17-44AE-B04A-B1637D905057.h5,315
270,7B626154-E15A-431D-B3E9-BC3F5103CCA7,/home/p163v/histopathology/UKHD_Neuro/RetCLL_Features/7B626154-E15A-431D-B3E9-BC3F5103CCA7.h5,1488
271,C9FBD7FA-010F-47EA-B342-ED6BD508A623,/home/p163v/histopathology/UKHD_Neuro/RetCLL_Features/C9FBD7FA-010F-47EA-B342-ED6BD508A623.h5,4537
272,A0A8A941-092F-4568-8F1B-633D16EC94AF,/home/p163v/histopathology/UKHD_Neuro/RetCLL_Features/A0A8A941-092F-4568-8F1B-633D16EC94AF.h5,1603
273,D02E7B05-2DCA-4862-B9EC-2C1BEBE16970,/home/p163v/histopathology/UKHD_Neuro/RetCLL_Features/D02E7B05-2DCA-4862-B9EC-2C1BEBE16970.h5,3767
274,CA8D99CC-17B1-4451-ACCB-12DA27377CCA,/home/p163v/histopathology/UKHD_Neuro/RetCLL_Features/CA8D99CC-17B1-4451-ACCB-12DA27377CCA.h5,7730
275,83ACA75C-5605-48DB-A8FA-82785199C720,/home/p163v/histopathology/UKHD_Neuro/RetCLL_Features/83ACA75C-5605-48DB-A8FA-82785199C720.h5,242
276,7C05A66C-A839-40A5-A903-B2CED7C0EAC1,/home/p163v/histopathology/UKHD_Neuro/RetCLL_Features/7C05A66C-A839-40A5-A903-B2CED7C0EAC1.h5,6850
277,D63255C6-715C-4064-9A5D-5CCA985086EA,/home/p163v/histopathology/UKHD_Neuro/RetCLL_Features/D63255C6-715C-4064-9A5D-5CCA985086EA.h5,317
278,00B9588D-B842-4364-B853-AB52355ACCA6,/home/p163v/histopathology/UKHD_Neuro/RetCLL_Features/00B9588D-B842-4364-B853-AB52355ACCA6.h5,6247
279,AB3D1A52-4132-4F57-AAF4-E8BE4C954A78,/home/p163v/histopathology/UKHD_Neuro/RetCLL_Features/AB3D1A52-4132-4F57-AAF4-E8BE4C954A78.h5,6394
280,5A9F7B8A-E320-4FF4-87B3-84F3CB03FA8C,/home/p163v/histopathology/UKHD_Neuro/RetCLL_Features/5A9F7B8A-E320-4FF4-87B3-84F3CB03FA8C.h5,678
281,DA7260DE-0D1D-47DC-AAE6-794FEA1D4668,/home/p163v/histopathology/UKHD_Neuro/RetCLL_Features/DA7260DE-0D1D-47DC-AAE6-794FEA1D4668.h5,1116
282,3D65A459-6F37-4FEC-8129-5B70401C7659,/home/p163v/histopathology/UKHD_Neuro/RetCLL_Features/3D65A459-6F37-4FEC-8129-5B70401C7659.h5,2522
283,2D9C78FF-26EA-4528-B788-7335E5154344,/home/p163v/histopathology/UKHD_Neuro/RetCLL_Features/2D9C78FF-26EA-4528-B788-7335E5154344.h5,1411
284,1B76B9FE-7262-493C-B675-1E574B2DFEDC,/home/p163v/histopathology/UKHD_Neuro/RetCLL_Features/1B76B9FE-7262-493C-B675-1E574B2DFEDC.h5,201
285,907B3E7A-F5F3-43BA-9D16-43817A3DB86B,/home/p163v/histopathology/UKHD_Neuro/RetCLL_Features/907B3E7A-F5F3-43BA-9D16-43817A3DB86B.h5,1352
286,13D03EBB-7AAD-4CD2-80D3-51B2AA76A16B,/home/p163v/histopathology/UKHD_Neuro/RetCLL_Features/13D03EBB-7AAD-4CD2-80D3-51B2AA76A16B.h5,838
287,585F7CE6-91E1-434C-B521-206F38BC0FA0,/home/p163v/histopathology/UKHD_Neuro/RetCLL_Features/585F7CE6-91E1-434C-B521-206F38BC0FA0.h5,3668
288,30F5B132-2D9A-4CD0-AFE9-D29B2F258CAE,/home/p163v/histopathology/UKHD_Neuro/RetCLL_Features/30F5B132-2D9A-4CD0-AFE9-D29B2F258CAE.h5,32
289,D5A1B4D1-B526-477E-BEBA-D0CFC396DC41,/home/p163v/histopathology/UKHD_Neuro/RetCLL_Features/D5A1B4D1-B526-477E-BEBA-D0CFC396DC41.h5,7180
290,1A6B40E3-0A7A-4A39-9AAD-C04E00FE0601,/home/p163v/histopathology/UKHD_Neuro/RetCLL_Features/1A6B40E3-0A7A-4A39-9AAD-C04E00FE0601.h5,15439
291,8D8A1195-C136-49D7-9239-CA2D229C5872,/home/p163v/histopathology/UKHD_Neuro/RetCLL_Features/8D8A1195-C136-49D7-9239-CA2D229C5872.h5,4591
292,AE2BFE7F-6F03-4DAF-B1B1-2EF13553222C,/home/p163v/histopathology/UKHD_Neuro/RetCLL_Features/AE2BFE7F-6F03-4DAF-B1B1-2EF13553222C.h5,2714
293,99301695-7716-470C-A543-A0C3791537B9,/home/p163v/histopathology/UKHD_Neuro/RetCLL_Features/99301695-7716-470C-A543-A0C3791537B9.h5,2146
294,CD01C7F3-2011-4FA8-B7EE-F4F5F15D9DE9,/home/p163v/histopathology/UKHD_Neuro/RetCLL_Features/CD01C7F3-2011-4FA8-B7EE-F4F5F15D9DE9.h5,15154
295,74894A88-98DA-44E0-94B4-AFCD38BA2A7D,/home/p163v/histopathology/UKHD_Neuro/RetCLL_Features/74894A88-98DA-44E0-94B4-AFCD38BA2A7D.h5,8201
296,07FDADB9-ADB2-43E3-8DCE-7FF86B474040,/home/p163v/histopathology/UKHD_Neuro/RetCLL_Features/07FDADB9-ADB2-43E3-8DCE-7FF86B474040.h5,2607
297,83CFD774-949A-4B5F-B360-F59208F84AD1,/home/p163v/histopathology/UKHD_Neuro/RetCLL_Features/83CFD774-949A-4B5F-B360-F59208F84AD1.h5,6119
298,D007406B-341C-4329-9403-40EB845A2679,/home/p163v/histopathology/UKHD_Neuro/RetCLL_Features/D007406B-341C-4329-9403-40EB845A2679.h5,1083
299,B4C4055F-B3BC-4058-8697-7A2F3A0A2824,/home/p163v/histopathology/UKHD_Neuro/RetCLL_Features/B4C4055F-B3BC-4058-8697-7A2F3A0A2824.h5,6057
300,16171A6E-33A0-4972-8EE2-297E7930DBDF,/home/p163v/histopathology/UKHD_Neuro/RetCLL_Features/16171A6E-33A0-4972-8EE2-297E7930DBDF.h5,600
301,EF976A0D-2E2A-4881-B651-6649FB26AED9,/home/p163v/histopathology/UKHD_Neuro/RetCLL_Features/EF976A0D-2E2A-4881-B651-6649FB26AED9.h5,2046
302,011455F8-B36A-4575-A26D-E40DF45470A8,/home/p163v/histopathology/UKHD_Neuro/RetCLL_Features/011455F8-B36A-4575-A26D-E40DF45470A8.h5,4429
303,F8B1CE4E-7A24-4526-95C7-B06E3801AF0D,/home/p163v/histopathology/UKHD_Neuro/RetCLL_Features/F8B1CE4E-7A24-4526-95C7-B06E3801AF0D.h5,782
304,1EF68F2B-2FEB-499F-A609-327AA63A574A,/home/p163v/histopathology/UKHD_Neuro/RetCLL_Features/1EF68F2B-2FEB-499F-A609-327AA63A574A.h5,1031
305,8CB692C9-CDB3-4EE8-8BCB-87A7BAEDF6CA,/home/p163v/histopathology/UKHD_Neuro/RetCLL_Features/8CB692C9-CDB3-4EE8-8BCB-87A7BAEDF6CA.h5,1041
306,78233049-C008-4C9C-9089-7169B662133E,/home/p163v/histopathology/UKHD_Neuro/RetCLL_Features/78233049-C008-4C9C-9089-7169B662133E.h5,4664
307,A4477619-91EB-4AD8-8161-CD3BE4E7EC07,/home/p163v/histopathology/UKHD_Neuro/RetCLL_Features/A4477619-91EB-4AD8-8161-CD3BE4E7EC07.h5,13308
308,5227C666-9396-460E-A2FD-ADA08281B220,/home/p163v/histopathology/UKHD_Neuro/RetCLL_Features/5227C666-9396-460E-A2FD-ADA08281B220.h5,7939
309,67F67121-E720-4E0D-8C99-6393E2028AC3,/home/p163v/histopathology/UKHD_Neuro/RetCLL_Features/67F67121-E720-4E0D-8C99-6393E2028AC3.h5,11081
310,B8DC0287-45A1-4318-8175-1AB17A796F23,/home/p163v/histopathology/UKHD_Neuro/RetCLL_Features/B8DC0287-45A1-4318-8175-1AB17A796F23.h5,4263
311,53B89683-30B9-4028-A2DF-ADD852A533B3,/home/p163v/histopathology/UKHD_Neuro/RetCLL_Features/53B89683-30B9-4028-A2DF-ADD852A533B3.h5,4319
312,8FF1F41D-9441-4A3C-AD19-7283CBD76ACD,/home/p163v/histopathology/UKHD_Neuro/RetCLL_Features/8FF1F41D-9441-4A3C-AD19-7283CBD76ACD.h5,1100
313,4BC80BFF-DAF1-4C2E-A18B-DB69239FD75C,/home/p163v/histopathology/UKHD_Neuro/RetCLL_Features/4BC80BFF-DAF1-4C2E-A18B-DB69239FD75C.h5,2730
314,761C73B9-3D0F-4231-AD34-6B42D9230D0E,/home/p163v/histopathology/UKHD_Neuro/RetCLL_Features/761C73B9-3D0F-4231-AD34-6B42D9230D0E.h5,3111
315,C1CC08A3-9784-4676-BDF7-A5D7AF22943C,/home/p163v/histopathology/UKHD_Neuro/RetCLL_Features/C1CC08A3-9784-4676-BDF7-A5D7AF22943C.h5,9439
316,09AF4146-BA5C-4FC3-9596-3DE3F6A003CB,/home/p163v/histopathology/UKHD_Neuro/RetCLL_Features/09AF4146-BA5C-4FC3-9596-3DE3F6A003CB.h5,0
317,414DF260-5992-45BD-A2F6-AB571B19C79F,/home/p163v/histopathology/UKHD_Neuro/RetCLL_Features/414DF260-5992-45BD-A2F6-AB571B19C79F.h5,10870
318,FFB10490-19D5-4409-8475-CEEED623EB22,/home/p163v/histopathology/UKHD_Neuro/RetCLL_Features/FFB10490-19D5-4409-8475-CEEED623EB22.h5,834
319,CDCC280E-1D5F-4212-9621-6448858A88AC,/home/p163v/histopathology/UKHD_Neuro/RetCLL_Features/CDCC280E-1D5F-4212-9621-6448858A88AC.h5,6548
320,A3E84CB2-04B8-4B45-A3C4-871223E4D0B2,/home/p163v/histopathology/UKHD_Neuro/RetCLL_Features/A3E84CB2-04B8-4B45-A3C4-871223E4D0B2.h5,10683
321,D2440752-9C1F-456F-818D-F866F8BCCFB3,/home/p163v/histopathology/UKHD_Neuro/RetCLL_Features/D2440752-9C1F-456F-818D-F866F8BCCFB3.h5,3196
322,B8582449-1058-40B2-ACD1-E6EF85ABA943,/home/p163v/histopathology/UKHD_Neuro/RetCLL_Features/B8582449-1058-40B2-ACD1-E6EF85ABA943.h5,888
323,5CE8D8A1-B162-491E-9BE4-E189C50A8CA4,/home/p163v/histopathology/UKHD_Neuro/RetCLL_Features/5CE8D8A1-B162-491E-9BE4-E189C50A8CA4.h5,4231
324,8D635E3C-8B1C-4ACA-B6F2-C31BCF5A5404,/home/p163v/histopathology/UKHD_Neuro/RetCLL_Features/8D635E3C-8B1C-4ACA-B6F2-C31BCF5A5404.h5,3615
325,7674BA90-3960-4F75-9093-679475F7E751,/home/p163v/histopathology/UKHD_Neuro/RetCLL_Features/7674BA90-3960-4F75-9093-679475F7E751.h5,1531
326,B93F639D-3E34-4C93-9BB1-5D74A54C6175,/home/p163v/histopathology/UKHD_Neuro/RetCLL_Features/B93F639D-3E34-4C93-9BB1-5D74A54C6175.h5,1858
327,9C17F458-C22C-415F-B53A-91C305214BD4,/home/p163v/histopathology/UKHD_Neuro/RetCLL_Features/9C17F458-C22C-415F-B53A-91C305214BD4.h5,5664
328,9215A2D7-E714-476C-B04A-FC1C68E585AA,/home/p163v/histopathology/UKHD_Neuro/RetCLL_Features/9215A2D7-E714-476C-B04A-FC1C68E585AA.h5,2146
329,8FA857E9-598C-48DB-AD01-AE1DDD9BE471,/home/p163v/histopathology/UKHD_Neuro/RetCLL_Features/8FA857E9-598C-48DB-AD01-AE1DDD9BE471.h5,2610
330,0F39BF35-5117-44FA-B3AC-554533DD5687,/home/p163v/histopathology/UKHD_Neuro/RetCLL_Features/0F39BF35-5117-44FA-B3AC-554533DD5687.h5,268
331,E32211E6-0618-4BCA-BCDA-95EC5D23514A,/home/p163v/histopathology/UKHD_Neuro/RetCLL_Features/E32211E6-0618-4BCA-BCDA-95EC5D23514A.h5,5620
332,7BF0996B-2953-4DB0-AD69-1D43BBB045AC,/home/p163v/histopathology/UKHD_Neuro/RetCLL_Features/7BF0996B-2953-4DB0-AD69-1D43BBB045AC.h5,3863
333,AC8D4EA4-B84A-4D48-A858-EBD25D283E5C,/home/p163v/histopathology/UKHD_Neuro/RetCLL_Features/AC8D4EA4-B84A-4D48-A858-EBD25D283E5C.h5,0
334,244543E3-6D6A-4D7D-993E-A5447E33183C,/home/p163v/histopathology/UKHD_Neuro/RetCLL_Features/244543E3-6D6A-4D7D-993E-A5447E33183C.h5,268
335,9F797F82-0957-4C71-8883-513CE94BCDCD,/home/p163v/histopathology/UKHD_Neuro/RetCLL_Features/9F797F82-0957-4C71-8883-513CE94BCDCD.h5,6086
